content_key,level_code,pattern,pattern_ruby,romaji_ko,connection,meaning_ko,usage_note,example_ja,example_ko,example_ruby,politeness,source,verify,note
jlpt.n2.grammar.0001,N2,～ばいいのに,～ばいいのに,-,동사 ば형(가정형) + いいのに,~하면 좋을 텐데 (아쉬움),실제로 안 해서 아쉬운 마음.,もっと早く来ればいいのに。,좀 더 일찍 오면 좋을 텐데.,もっと{早|はや}く{来|く}ればいいのに。,casual,ref_only:tanos_grammar+official_sample,draft,Tanos:N2 · 자작예문
jlpt.n2.grammar.0002,N2,～なかなか～ない,～なかなか～ない,-,なかなか + 동사 부정형,좀처럼 ~하지 않다,기대만큼 잘 안 됨.,バスがなかなか来ない。,버스가 좀처럼 오지 않는다.,バスがなかなか{来|こ}ない。,casual,ref_only:tanos_grammar+official_sample,draft,Tanos:N2 · 자작예문
jlpt.n2.grammar.0003,N2,～わけです,～わけです,-,동사·형용사 보통형 + わけです,~인 것이다; ~인 셈이다,당연한 결론을 설명.,だから彼は怒っているわけです。,그래서 그가 화가 나 있는 것이다.,だから{彼|かれ}は{怒|おこ}っているわけです。,polite,ref_only:tanos_grammar+official_sample,draft,Tanos:N2 · 자작예문
jlpt.n2.grammar.0004,N2,～にあたって,～にあたって,-,명사·동사 사전형 + にあたって,~에 즈음하여; ~할 때,중요한 일을 앞두고. 격식체.,試合にあたって注意点を説明します。,시합에 즈음하여 주의점을 설명합니다.,{試合|し|あい}にあたって{注意点|ちゅう|い|てん}を{説明|せつ|めい}します。,polite,ref_only:tanos_grammar+official_sample,draft,Tanos:N2 · 자작예문
jlpt.n2.grammar.0005,N2,～以外の,～{以外|い|がい}の,-,명사 + 以外の,~이외의; ~말고의,그것을 제외한 나머지.,これ以外の方法はない。,이것 이외의 방법은 없다.,これ{以外|い|がい}の{方法|ほう|ほう}はない。,casual,ref_only:tanos_grammar+official_sample,draft,Tanos:N2 · 자작예문
jlpt.n2.grammar.0006,N2,～というわけではない,～というわけではない,-,보통형 + というわけではない,~라는 것은 아니다 (부분 부정),완전 부정이 아님.,全部が嫌いというわけではない。,전부가 싫다는 것은 아니다.,{全部|ぜん|ぶ}が{嫌|きら}いというわけではない。,casual,ref_only:tanos_grammar+official_sample,draft,Tanos:N2 · 자작예문
jlpt.n2.grammar.0007,N2,なるべく,なるべく,-,부사 (동사·형용사 수식),되도록; 가능한 한,가급적 그렇게 하려는 노력.,なるべく早く帰ります。,되도록 일찍 돌아가겠습니다.,なるべく{早|はや}く{帰|かえ}ります。,polite,ref_only:tanos_grammar+official_sample,draft,Tanos:N2 · 자작예문
jlpt.n2.grammar.0008,N2,別に～ない,{別|べつ}に～ない,-,別に + 부정형,딱히 ~하지 않다; 별로 ~않다,특별할 것 없음.,別に問題ない。,딱히 문제없다.,{別|べつ}に{問題|もん|だい}ない。,casual,ref_only:tanos_grammar+official_sample,draft,Tanos:N2 · 자작예문
jlpt.n2.grammar.0009,N2,たしか,たしか,-,부사 (문장 앞),아마; 분명(기억으로는),확실치 않은 기억을 더듬을 때.,たしか去年もここに来た。,아마 작년에도 여기 왔었다.,たしか{去年|きょ|ねん}もここに{来|き}た。,casual,ref_only:tanos_grammar+official_sample,draft,Tanos:N2 · 자작예문
jlpt.n2.grammar.0010,N2,何といっても,{何|なん}といっても,-,관용 부사구,뭐니 뭐니 해도,가장 중요한 점을 강조.,夏は何といっても海だ。,여름은 뭐니 뭐니 해도 바다다.,{夏|なつ}は{何|なん}といっても{海|うみ}だ。,casual,ref_only:tanos_grammar+official_sample,draft,Tanos:N2 · 자작예문
jlpt.n2.grammar.0011,N2,やっぱり,やっぱり,-,부사,역시,예상대로. やはり의 회화체.,やっぱり彼が正しかった。,역시 그가 옳았다.,やっぱり{彼|かれ}が{正|ただ}しかった。,casual,ref_only:tanos_grammar+official_sample,draft,Tanos:N2 · 자작예문
jlpt.n2.grammar.0012,N2,～と言っても,～と{言|い}っても,-,보통형 + と言っても,~라고 해도,말은 그렇지만 실제는 다름.,忙しいと言っても休む時間はある。,바쁘다고 해도 쉴 시간은 있다.,{忙|いそが}しいと{言|い}っても{休|やす}む{時間|じ|かん}はある。,casual,ref_only:tanos_grammar+official_sample,draft,Tanos:N2 · 자작예문
jlpt.n2.grammar.0013,N2,～は～に限る,～は～に{限|かぎ}る,-,명사 + に限る,~는 ~가 최고다,그게 제일 좋다는 단정.,夏はビールに限る。,여름은 맥주가 최고다.,{夏|なつ}はビールに{限|かぎ}る。,casual,ref_only:tanos_grammar+official_sample,draft,Tanos:N2 · 자작예문
jlpt.n2.grammar.0014,N2,～に気をつける,～に{気|き}をつける,-,명사 + に気をつける,~에 조심하다; 주의하다,위험·실수에 신경 씀.,車に気をつけてください。,차 조심하세요.,{車|くるま}に{気|き}をつけてください。,polite,ref_only:tanos_grammar+official_sample,draft,Tanos:N2 · 자작예문
jlpt.n2.grammar.0015,N2,ろくに～ない,ろくに～ない,-,ろくに + 부정형,제대로 ~하지 않다,충분히 못 한 것에 대한 부정적 평가.,ろくに寝ていない。,제대로 자지 못했다.,ろくに{寝|ね}ていない。,casual,ref_only:tanos_grammar+official_sample,draft,Tanos:N2 · 자작예문
jlpt.n2.grammar.0016,N2,～せいか,～せいか,-,보통형 + せいか,~탓인지,원인을 추측(부정적 경향).,疲れたせいかよく眠れた。,피곤한 탓인지 잘 잤다.,{疲|つか}れたせいかよく{眠|ねむ}れた。,casual,ref_only:tanos_grammar+official_sample,draft,Tanos:N2 · 자작예문
jlpt.n2.grammar.0017,N2,～に越したことはない,～に{越|こ}したことはない,-,동사·형용사 보통형·명사 + に越したことはない,~하는 것보다 나은 건 없다; ~이 최선이다,그렇게 하는 게 당연히 좋다.,体は元気なのに越したことはない。,몸은 건강한 것보다 나은 건 없다.,{体|からだ}は{元気|げん|き}なのに{越|こ}したことはない。,casual,ref_only:tanos_grammar+official_sample,draft,Tanos:N2 · 자작예문
jlpt.n2.grammar.0018,N2,～くせに,～くせに,-,보통형 + くせに,~인 주제에,비난·불만의 뉘앙스.,知っているくせに教えない。,알고 있는 주제에 안 가르쳐 준다.,{知|し}っているくせに{教|おし}えない。,casual,ref_only:tanos_grammar+official_sample,draft,Tanos:N2 · 자작예문
jlpt.n2.grammar.0019,N2,～ゆえに,～ゆえに,-,명사·보통형 + ゆえに,~때문에 (격식),문어적·딱딱한 원인 표현.,若さゆえに失敗も多い。,젊음 때문에 실패도 많다.,{若|わか}さゆえに{失敗|しっ|ぱい}も{多|おお}い。,casual,ref_only:tanos_grammar+official_sample,draft,Tanos:N2 · 자작예문
jlpt.n2.grammar.0020,N2,および,および,-,명사 + および + 명사 (접속사),및; 그리고,문어적 병렬 접속.,名前および住所を書いてください。,이름 및 주소를 써 주세요.,{名前|な|まえ}および{住所|じゅう|しょ}を{書|か}いてください。,polite,ref_only:tanos_grammar+official_sample,draft,Tanos:N2 · 자작예문
jlpt.n2.grammar.0021,N2,万一,{万一|まん|いち},-,부사 (문장 앞; ～たら와 호응),만일; 만에 하나,있을 법하지 않은 일 가정.,万一雨が降ったら中止です。,만일 비가 오면 중지입니다.,{万一|まん|いち}{雨|あめ}が{降|ふ}ったら{中止|ちゅう|し}です。,polite,ref_only:tanos_grammar+official_sample,draft,Tanos:N2 · 자작예문
jlpt.n2.grammar.0022,N2,あえて,あえて,-,부사,굳이; 감히,일부러 어려운 쪽을 택함.,あえて厳しいことを言う。,굳이 엄한 말을 한다.,あえて{厳|きび}しいことを{言|い}う。,casual,ref_only:tanos_grammar+official_sample,draft,Tanos:N2 · 자작예문
jlpt.n2.grammar.0023,N2,～がてら,～がてら,-,명사·동사 ます형 + がてら,~하는 김에; ~을 겸해,한 김에 다른 일도.,散歩がてら買い物をする。,산책하는 김에 장을 본다.,{散歩|さん|ぽ}がてら{買|か}い{物|もの}をする。,casual,ref_only:tanos_grammar+official_sample,draft,Tanos:N2 · 자작예문
jlpt.n2.grammar.0024,N2,～にかけては,～にかけては,-,명사 + にかけては,~에 관해서는; ~라면,그 분야만큼은 자신 있음.,走ることにかけては負けない。,달리기에 관해서는 지지 않는다.,{走|はし}ることにかけては{負|ま}けない。,casual,ref_only:tanos_grammar+official_sample,draft,Tanos:N2 · 자작예문
jlpt.n2.grammar.0025,N2,～かねない,～かねない,-,동사 ます형 + かねない,~할 수도 있다 (나쁜 가능성),안 좋은 일이 일어날 우려.,そんな運転では事故を起こしかねない。,그런 운전으로는 사고를 낼 수도 있다.,そんな{運転|うん|てん}では{事故|じ|こ}を{起|お}こしかねない。,casual,ref_only:tanos_grammar+official_sample,draft,Tanos:N2 · 자작예문
jlpt.n2.grammar.0026,N2,いよいよ,いよいよ,-,부사,드디어; 마침내,오래 기다린 일이 임박.,いよいよ試験が始まる。,드디어 시험이 시작된다.,いよいよ{試験|し|けん}が{始|はじ}まる。,casual,ref_only:tanos_grammar+official_sample,draft,Tanos:N2 · 자작예문
jlpt.n2.grammar.0027,N2,～から成る,～から{成|な}る,-,명사 + から成る,~로 이루어지다; ~로 구성되다,구성 요소를 나타냄. 격식.,この本は三部から成る。,이 책은 3부로 이루어진다.,この{本|ほん}は{三部|さん|ぶ}から{成|な}る。,casual,ref_only:tanos_grammar+official_sample,draft,Tanos:N2 · 자작예문
jlpt.n2.grammar.0028,N2,いつのまにか,いつのまにか,-,부사,어느새; 어느 틈엔가,모르는 사이에 그리 됨.,いつのまにか外が暗くなった。,어느새 밖이 어두워졌다.,いつのまにか{外|そと}が{暗|くら}くなった。,casual,ref_only:tanos_grammar+official_sample,draft,Tanos:N2 · 자작예문
jlpt.n2.grammar.0029,N2,～ないで済む,～ないで{済|す}む,-,동사 ない형 + で済む,~하지 않고 끝나다; ~안 해도 되다,걱정한 일을 안 해도 됨(다행).,手術しないで済んだ。,수술하지 않고 끝났다.,{手術|しゅ|じゅつ}しないで{済|す}んだ。,casual,ref_only:tanos_grammar+official_sample,draft,Tanos:N2 · 자작예문
jlpt.n2.grammar.0030,N2,せっかく,せっかく,-,부사,모처럼; 애써,어렵게 마련한 기회. 아쉬움과 자주 호응.,せっかく作った料理が冷めた。,모처럼 만든 요리가 식었다.,せっかく{作|つく}った{料理|りょう|り}が{冷|さ}めた。,casual,ref_only:tanos_grammar+official_sample,draft,Tanos:N2 · 자작예문
jlpt.n2.grammar.0031,N2,～わけにはいかない,～わけにはいかない,-,동사 사전형 + わけにはいかない,~할 수는 없다,사회적·심리적 이유로 그렇게 할 수 없음을 나타낸다.,この仕事は途中でやめるわけにはいかない。,이 일은 도중에 그만둘 수는 없다.,この{仕事|し|ごと}は{途中|と|ちゅう}でやめるわけにはいかない。,casual,ref_only:tanos_grammar+official_sample,draft,Tanos:N2 · 자작예문
jlpt.n2.grammar.0032,N2,～ないわけにはいかない,～ないわけにはいかない,-,동사 ない형 + わけにはいかない,~하지 않을 수는 없다,사정상 하지 않을 수 없어 해야만 함을 나타낸다.,約束したから行かないわけにはいかない。,약속했으니 가지 않을 수는 없다.,{約束|やく|そく}したから{行|い}かないわけにはいかない。,casual,ref_only:tanos_grammar+official_sample,draft,Tanos:N2 · 자작예문
jlpt.n2.grammar.0033,N2,～た上で,～た{上|うえ}で,-,동사 た형 + 上で; 명사の + 上で,~한 다음에,먼저 어떤 절차를 밟은 뒤 다음 행동을 함을 나타낸다.,よく考えた上で返事します。,잘 생각한 다음에 답하겠습니다.,よく{考|かんが}えた{上|うえ}で{返事|へん|じ}します。,polite,ref_only:tanos_grammar+official_sample,draft,Tanos:N2 · 자작예문
jlpt.n2.grammar.0034,N2,～ような気がする,～ような{気|き}がする,-,보통형 + ような気がする,~인 듯한 느낌이 든다,확실하지 않지만 그런 느낌이 듦을 나타낸다.,どこかで会ったような気がする。,어딘가에서 만난 듯한 느낌이 든다.,どこかで{会|あ}ったような{気|き}がする。,casual,ref_only:tanos_grammar+official_sample,draft,Tanos:N2 · 자작예문
jlpt.n2.grammar.0035,N2,いったん～ば,いったん～ば,-,いったん + 동사 ば형,일단 ~하면,한 번 그렇게 되면 그다음이 이어짐을 나타낸다.,いったん始めれば最後までやる。,일단 시작하면 끝까지 한다.,いったん{始|はじ}めれば{最後|さい|ご}までやる。,casual,ref_only:tanos_grammar+official_sample,draft,Tanos:N2 · 자작예문
jlpt.n2.grammar.0036,N2,～でいいです,～でいいです,-,명사 + でいいです,~로 괜찮습니다,적극적이지 않지만 그 정도로 만족·허용함을 나타낸다.,飲み物はお茶でいいです。,마실 것은 차로 괜찮습니다.,{飲|の}み{物|もの}はお{茶|ちゃ}でいいです。,polite,ref_only:tanos_grammar+official_sample,draft,Tanos:N2 · 자작예문
jlpt.n2.grammar.0037,N2,やむをえず,やむをえず,-,부사,어쩔 수 없이; 부득이,달리 방법이 없어 그렇게 함을 나타낸다.,台風で試合はやむをえず中止した。,태풍으로 경기는 어쩔 수 없이 취소했다.,{台風|たい|ふう}で{試合|し|あい}はやむをえず{中止|ちゅう|し}した。,casual,ref_only:tanos_grammar+official_sample,draft,Tanos:N2 · 자작예문
jlpt.n2.grammar.0038,N2,～ではないだろうか,～ではないだろうか,-,보통형 + ではないだろうか,~인 것은 아닐까,단정을 피하고 완곡하게 추측·의견을 제시한다.,これは間違いではないだろうか。,이것은 잘못된 것이 아닐까.,これは{間違|ま|ちが}いではないだろうか。,casual,ref_only:tanos_grammar+official_sample,draft,Tanos:N2 · 자작예문
jlpt.n2.grammar.0039,N2,～より仕方がない,～より{仕方|し|かた}がない,-,동사 사전형 + より仕方がない,~하는 수밖에 없다,다른 선택지가 없어 그렇게 할 수밖에 없음을 나타낸다.,電車がないから歩くより仕方がない。,전철이 없으니 걷는 수밖에 없다.,{電車|でん|しゃ}がないから{歩|ある}くより{仕方|し|かた}がない。,casual,ref_only:tanos_grammar+official_sample,draft,Tanos:N2 · 자작예문
jlpt.n2.grammar.0040,N2,せめて,せめて,-,부사,적어도; 하다못해,최소한 이 정도는 바람을 나타낸다.,せめて一言お礼が言いたい。,적어도 한마디 감사 인사를 하고 싶다.,せめて{一言|ひと|こと}お{礼|れい}が{言|い}いたい。,casual,ref_only:tanos_grammar+official_sample,draft,Tanos:N2 · 자작예문
jlpt.n2.grammar.0041,N2,～ものですから,～ものですから,-,보통형 + ものですから,~하기 때문에; ~한 탓에,이유나 변명을 정중하게 설명한다.,道が混んでいたものですから遅れました。,길이 막혔기 때문에 늦었습니다.,{道|みち}が{混|こ}んでいたものですから{遅|おく}れました。,polite,ref_only:tanos_grammar+official_sample,draft,Tanos:N2 · 자작예문
jlpt.n2.grammar.0042,N2,～が気になる,～が{気|き}になる,-,명사 + が気になる,~이 신경 쓰이다,어떤 일이 마음에 걸려 신경이 쓰임을 나타낸다.,試験の結果が気になる。,시험 결과가 신경 쓰인다.,{試験|し|けん}の{結果|けっ|か}が{気|き}になる。,casual,ref_only:tanos_grammar+official_sample,draft,Tanos:N2 · 자작예문
jlpt.n2.grammar.0043,N2,思うように,{思|おも}うように,-,思うように + 동사,생각대로; 마음먹은 대로,주로 부정과 함께 뜻대로 되지 않음을 나타낸다.,仕事が思うように進まない。,일이 생각대로 진행되지 않는다.,{仕事|し|ごと}が{思|おも}うように{進|すす}まない。,casual,ref_only:tanos_grammar+official_sample,draft,Tanos:N2 · 자작예문
jlpt.n2.grammar.0044,N2,よっぽど,よっぽど,-,부사,상당히; 어지간히,정도가 꽤 심함을 강조한다.,彼はよっぽど疲れていたらしい。,그는 어지간히 피곤했던 모양이다.,{彼|かれ}はよっぽど{疲|つか}れていたらしい。,casual,ref_only:tanos_grammar+official_sample,draft,Tanos:N2 · 자작예문
jlpt.n2.grammar.0045,N2,さすがに,さすがに,-,부사,과연; 그렇다고 해도,예상대로임을 나타내거나 정도가 지나쳐 결국 그러함을 나타낸다.,プロだけあってさすがに上手だ。,프로답게 과연 잘한다.,プロだけあってさすがに{上手|じょう|ず}だ。,casual,ref_only:tanos_grammar+official_sample,draft,Tanos:N2 · 자작예문
jlpt.n2.grammar.0046,N2,～ものの,～ものの,-,보통형 + ものの,~이지만; ~하기는 했으나,앞과 다른 결과가 이어지는 역접을 나타낸다.,買ったものの一度も使っていない。,사기는 했으나 한 번도 쓰지 않았다.,{買|か}ったものの{一度|いち|ど}も{使|つか}っていない。,casual,ref_only:tanos_grammar+official_sample,draft,Tanos:N2 · 자작예문
jlpt.n2.grammar.0047,N2,一方では,{一方|いっ|ぽう}では,-,一方では + 문장,한편으로는,두 가지 측면을 대비하여 제시한다.,便利な一方では危険もある。,편리한 한편으로는 위험도 있다.,{便利|べん|り}な{一方|いっ|ぽう}では{危険|き|けん}もある。,casual,ref_only:tanos_grammar+official_sample,draft,Tanos:N2 · 자작예문
jlpt.n2.grammar.0048,N2,それにしても,それにしても,-,접속사,그렇다 해도; 그건 그렇고,앞 내용을 인정하면서도 놀람·감상을 덧붙인다.,それにしても値段が高すぎる。,그렇다 해도 값이 너무 비싸다.,それにしても{値段|ね|だん}が{高|たか}すぎる。,casual,ref_only:tanos_grammar+official_sample,draft,Tanos:N2 · 자작예문
jlpt.n2.grammar.0049,N2,～を～にまかせる,～を～にまかせる,-,명사 + を + 명사 + にまかせる,~을 ~에게 맡기다,판단이나 처리를 남에게 위임함을 나타낸다.,仕事を彼にまかせる。,일을 그에게 맡긴다.,{仕事|し|ごと}を{彼|かれ}にまかせる。,casual,ref_only:tanos_grammar+official_sample,draft,Tanos:N2 · 자작예문
jlpt.n2.grammar.0050,N2,～に至るまで,～に{至|いた}るまで,-,명사 + に至るまで,~에 이르기까지; ~까지도,범위의 극단까지 미침을 강조한다.,服から靴に至るまで黒だ。,옷부터 신발에 이르기까지 검다.,{服|ふく}から{靴|くつ}に{至|いた}るまで{黒|くろ}だ。,casual,ref_only:tanos_grammar+official_sample,draft,Tanos:N2 · 자작예문
jlpt.n2.grammar.0051,N2,～かねる,～かねる,-,동사 ます형 + かねる,~하기 어렵다; ~할 수 없다,심리적으로 그렇게 하기 곤란함을 정중히 나타낸다.,その件はお答えしかねます。,그 건은 답변드리기 어렵습니다.,その{件|けん}はお{答|こた}えしかねます。,polite,ref_only:tanos_grammar+official_sample,draft,Tanos:N2 · 자작예문
jlpt.n2.grammar.0052,N2,～てさしつかえない,～てさしつかえない,-,동사 て형 + さしつかえない,~해도 지장 없다; ~해도 괜찮다,허가하거나 문제없음을 나타낸다.,ここで休んでさしつかえない。,여기서 쉬어도 지장 없다.,ここで{休|やす}んでさしつかえない。,casual,ref_only:tanos_grammar+official_sample,draft,Tanos:N2 · 자작예문
jlpt.n2.grammar.0053,N2,たちまち,たちまち,-,부사,순식간에; 금세,매우 짧은 시간에 일이 일어남을 나타낸다.,うわさはたちまち広がった。,소문은 순식간에 퍼졌다.,うわさはたちまち{広|ひろ}がった。,casual,ref_only:tanos_grammar+official_sample,draft,Tanos:N2 · 자작예문
jlpt.n2.grammar.0054,N2,～を通じて,～を{通|つう}じて,-,명사 + を通じて,~을 통해서; ~내내,수단·매개를 나타내거나 기간·범위 전체를 나타낸다.,友人を通じて知り合った。,친구를 통해서 알게 되었다.,{友人|ゆう|じん}を{通|つう}じて{知|し}り{合|あ}った。,casual,ref_only:tanos_grammar+official_sample,draft,Tanos:N2 · 자작예문
jlpt.n2.grammar.0055,N2,なにしろ,なにしろ,-,부사,어쨌든; 아무튼,이유를 강조하며 사정을 앞세워 말한다.,なにしろ人が多くて疲れた。,어쨌든 사람이 많아서 지쳤다.,なにしろ{人|ひと}が{多|おお}くて{疲|つか}れた。,casual,ref_only:tanos_grammar+official_sample,draft,Tanos:N2 · 자작예문
jlpt.n2.grammar.0056,N2,～かたわら,～かたわら,-,명사の·동사 사전형 + かたわら,~하는 한편; ~하면서,주된 일 곁에서 다른 일도 함께 함을 나타낸다.,仕事のかたわら小説を書く。,일하는 한편 소설을 쓴다.,{仕事|し|ごと}のかたわら{小説|しょう|せつ}を{書|か}く。,casual,ref_only:tanos_grammar+official_sample,draft,Tanos:N2 · 자작예문
jlpt.n2.grammar.0057,N2,～ごとし,～ごとし,-,명사の·동사 사전형 + ごとし,~와 같다; ~인 듯하다,문어적으로 비유를 나타낸다.,時は矢のごとし。,세월은 화살과 같다.,{時|とき}は{矢|や}のごとし。,-,ref_only:tanos_grammar+official_sample,draft,Tanos:N2 · 자작예문
jlpt.n2.grammar.0058,N2,たまらない,たまらない,-,형용사 て형 + たまらない,견딜 수 없다; 너무 ~하다,감정이나 감각이 매우 강함을 나타낸다.,のどが渇いてたまらない。,목이 말라서 견딜 수 없다.,のどが{渇|かわ}いてたまらない。,casual,ref_only:tanos_grammar+official_sample,draft,Tanos:N2 · 자작예문
jlpt.n2.grammar.0059,N2,とうてい,とうてい,-,부사,도저히,부정과 함께 도저히 ~않다는 뜻을 나타낸다.,一日ではとうてい終わらない。,하루로는 도저히 끝나지 않는다.,{一日|いち|にち}ではとうてい{終|お}わらない。,casual,ref_only:tanos_grammar+official_sample,draft,Tanos:N2 · 자작예문
jlpt.n2.grammar.0060,N2,～に上る,～に{上|のぼ}る,-,수량 명사 + に上る,~에 이르다; ~에 달하다,수량이 많은 정도에 달함을 나타낸다.,費用は百万円に上る。,비용은 백만 엔에 달한다.,{費用|ひ|よう}は{百万円|ひゃく|まん|えん}に{上|のぼ}る。,casual,ref_only:tanos_grammar+official_sample,draft,Tanos:N2 · 자작예문
